{
  "anuncios": [
    {
      "id": 1,
      "titulo": "Fiat",
      "descripcion": "Uno",
      "transaccion": "Alquiler",
      "precio": "2100023",
      "puertas": "3",
      "kms": "10",
      "potencia": "100"
    },
    {
      "id": 2,
      "titulo": "Renault",
      "descripcion": "Sandero",
      "transaccion": "Venta",
      "precio": "2000000",
      "puertas": "5",
      "kms": "1",
      "potencia": "55"
    },
    {
      "id": 3,
      "titulo": "Chevrolet",
      "descripcion": "Corsa",
      "transaccion": "Venta",
      "precio": "250000",
      "puertas": "5",
      "kms": "1",
      "potencia": "55"
    },
    {
      "id": 4,
      "titulo": "Ford",
      "descripcion": "Focus",
      "transaccion": "Venta",
      "precio": "105000",
      "puertas": "5",
      "kms": "5",
      "potencia": "60"
    },
    {
      "titulo": "Fiat",
      "descripcion": "Punto",
      "transaccion": "Alquiler",
      "precio": "2100025",
      "puertas": "3",
      "kms": "15",
      "potencia": "150",
      "id": 5
    }
  ]
}